{"inputUnits":[34],"outputUnits":3,"inputs":{"0":{"dtype":"number","min":82.21611154009724,"max":747.5422822941116},"1":{"dtype":"number","min":35.50980105037578,"max":531.5419923492343},"2":{"dtype":"number","min":89.68503781926563,"max":762.4256471444291},"3":{"dtype":"number","min":27.037970503868415,"max":505.23044770224055},"4":{"dtype":"number","min":69.1009115928795,"max":720.6267121939632},"5":{"dtype":"number","min":28.48718807711239,"max":510.63821120568883},"6":{"dtype":"number","min":94.01942841839372,"max":769.8196333054213},"7":{"dtype":"number","min":27.827801411611993,"max":545.5040401882595},"8":{"dtype":"number","min":37.68468251702381,"max":667.3065570362827},"9":{"dtype":"number","min":37.16902216972664,"max":526.5019867155287},"10":{"dtype":"number","min":94.95122268883108,"max":784.928712231374},"11":{"dtype":"number","min":112.00330097075792,"max":690.3486056634557},"12":{"dtype":"number","min":62.83647972240783,"max":665.0973328372888},"13":{"dtype":"number","min":108.3252081396984,"max":662.3710916753402},"14":{"dtype":"number","min":90.4910585336518,"max":767.9020145483184},"15":{"dtype":"number","min":162.1617418632173,"max":753.7402454872578},"16":{"dtype":"number","min":43.96676389794601,"max":600.1582919505605},"17":{"dtype":"number","min":168.31630851790223,"max":755.8806932460495},"18":{"dtype":"number","min":62.532876667223476,"max":765.4015850602535},"19":{"dtype":"number","min":185.16375115740368,"max":790.065932692143},"20":{"dtype":"number","min":52.01778878942568,"max":553.6941485098231},"21":{"dtype":"number","min":189.01460683136656,"max":783.516041716637},"22":{"dtype":"number","min":81.10318825258847,"max":743.8282771417272},"23":{"dtype":"number","min":195.1291895749276,"max":769.0288016670629},"24":{"dtype":"number","min":65.79497822544032,"max":691.1763308341043},"25":{"dtype":"number","min":194.92317849432516,"max":771.0250929782266},"26":{"dtype":"number","min":84.93583592755056,"max":720.7006550671762},"27":{"dtype":"number","min":273.5076912662439,"max":773.2259181507847},"28":{"dtype":"number","min":70.47939509676215,"max":654.3232645207678},"29":{"dtype":"number","min":206.9933843194393,"max":767.5913314373173},"30":{"dtype":"number","min":82.96278763932791,"max":698.2964155269646},"31":{"dtype":"number","min":360.13337324934395,"max":771.7154053916709},"32":{"dtype":"number","min":75.77975416741177,"max":655.2816553596865},"33":{"dtype":"number","min":226.22319132263897,"max":775.2504097787958}},"outputs":{"0":{"dtype":"string","min":0,"max":1,"uniqueValues":["HangulMode","p","o"],"legend":{"HangulMode":[1,0,0],"p":[0,1,0],"o":[0,0,1]}}},"isNormalized":true}